metric,F,p,eta2,df_b,df_w
min_liq_drawdown_pct,72.61728996102771,1.5960140229955939e-31,0.04622015837075348,2,2997
