coin,F,p,eta2,df_b,df_w
USDC,72.61719439006569,1.5961595121458441e-31,0.046220100352384545,2,2997
